kDN,DS,DCP,TD_P,TD_U,CL,MV,CB,F1,N1,N2,LSC,LSR,H,U
0.6,0.85,0.3493975903614458,1.0,0.5,0.3662237916502047,0.49411764705882355,0.7760416666666666,0.7,0.6666666666666666,0.6621359876623641,1.0,0.9130951443210524,0.011764705882352941,0.9651162790697675
0.0,0.6,0.18497109826589597,1.0,0.3333333333333333,0.2145961421623267,0.0,0.5572916666666666,0.55,0.0,0.342827775473167,0.9112426035502958,0.7916315387746099,0.0,0.9470588235294117
0.7,0.875,0.3493975903614458,1.0,0.75,0.7750658693503918,0.49411764705882355,0.7760416666666666,0.65,1.0,0.641392465406678,1.0,0.8913711580604491,0.011764705882352941,1.0
0.0,0.375,0.18497109826589597,1.0,0.75,0.21457776854654909,0.0,0.5572916666666666,0.65,0.0,0.18284978204164692,0.8994082840236687,0.829642046729835,0.0,0.9411764705882353
1.0,1.0,0.815028901734104,1.0,0.8333333333333334,0.7854330536406853,0.49411764705882355,0.7760416666666666,0.4,1.0,0.7555903390913111,1.0,0.9845126254338018,0.11176470588235295,1.0
0.1,0.0,0.18497109826589597,1.0,0.3333333333333333,0.21537778930359497,0.0,0.5572916666666666,0.7,0.25,0.2598458847995295,0.9940828402366864,0.9644327944140196,0.023255813953488372,0.9294117647058824
0.6,0.775,0.815028901734104,1.0,0.4166666666666667,0.7752028130463717,0.49411764705882355,0.7760416666666666,0.85,0.6666666666666666,0.6061413927681365,1.0,0.9705163183806081,0.01764705882352941,0.9883720930232558
0.5,0.85,0.6506024096385542,1.0,0.5,0.6337909711692856,0.0,0.5572916666666666,0.65,0.0,0.32982158815672313,0.9822485207100592,0.6935075592311895,0.023255813953488372,0.9941176470588236
0.6,0.875,0.6506024096385542,1.0,0.5833333333333334,0.5022346916696493,0.0,0.5572916666666666,0.6,1.0,0.6276721933990066,1.0,0.9162807011401484,0.05813953488372093,1.0
0.4,0.775,0.18497109826589597,1.0,0.8333333333333334,0.21728563317240046,0.0,0.5572916666666666,0.55,1.0,0.5094755865775451,1.0,0.900172457126494,0.0,1.0
0.1,0.625,0.18497109826589597,1.0,0.4166666666666667,0.21458682124531048,0.0,0.5572916666666666,0.55,0.0,0.45351533580188663,0.9822485207100592,0.7202591870902708,0.0,1.0
0.8,0.875,0.6506024096385542,1.0,0.3333333333333333,0.6337909711692856,0.0,0.5572916666666666,0.7,1.0,0.5577898791704092,1.0,0.764959747004277,0.011627906976744186,1.0
0.1,0.0,0.18497109826589597,1.0,0.3333333333333333,0.21469083491056729,0.0,0.5572916666666666,0.65,0.3333333333333333,0.45212953395484157,0.9881656804733728,0.9721925622841385,0.0,0.9294117647058824
0.2,0.925,0.18497109826589597,1.0,0.9166666666666666,0.21809028490273052,0.0,0.5572916666666666,0.55,0.5,0.47297801354337665,0.9940828402366864,0.8755743168241936,0.011627906976744186,0.9941176470588236
0.0,0.55,0.3493975903614458,1.0,0.25,0.3662090288307175,0.49411764705882355,0.7760416666666666,0.75,0.0,0.352732820542734,0.8823529411764706,0.6608653968906839,0.0,0.9767441860465116
0.4,0.875,0.6506024096385542,1.0,0.5833333333333334,0.6337909222572865,0.0,0.5572916666666666,0.75,0.0,0.4780046960830884,0.9763313609467456,0.7534323441457933,0.0,1.0
0.1,0.0,0.18497109826589597,1.0,0.3333333333333333,0.21462163708920334,0.0,0.5572916666666666,0.65,0.0,0.23451508041274627,0.9526627218934911,0.9245263591362439,0.0,0.9176470588235294
0.2,0.6,0.3493975903614458,1.0,0.3333333333333333,0.37144779669643546,0.49411764705882355,0.7760416666666666,0.8,0.3333333333333333,0.42885332415842803,0.9882352941176471,0.8325642173269125,0.011764705882352941,0.9069767441860466
0.1,0.775,0.18497109826589597,1.0,0.4166666666666667,0.21476415289151163,0.0,0.5572916666666666,0.65,0.5,0.5372375186324367,1.0,0.9762698378591148,0.011627906976744186,0.9764705882352941
0.0,0.0,0.18497109826589597,1.0,0.3333333333333333,0.21458572099866546,0.0,0.5572916666666666,0.65,0.0,0.0,0.8816568047337279,0.8589076250721484,0.0,0.9176470588235294
0.4,0.775,0.815028901734104,1.0,0.4166666666666667,0.36621798868005384,0.49411764705882355,0.7760416666666666,0.65,0.0,0.2067501130111723,0.9647058823529412,0.8656698363814943,0.0,0.9883720930232558
0.4,0.6,0.3493975903614458,1.0,0.3333333333333333,0.3662115843909536,0.49411764705882355,0.7760416666666666,0.75,0.0,0.462875529744017,0.9764705882352941,0.7926501757642415,0.0,1.0
0.1,0.375,0.18497109826589597,1.0,0.75,0.21461003508931376,0.0,0.5572916666666666,0.55,0.0,0.3909675366162072,0.9467455621301775,0.846803426950292,0.0,0.9764705882352941
0.7,0.6,0.3493975903614458,1.0,0.3333333333333333,0.7810807228548231,0.49411764705882355,0.7760416666666666,0.7,0.0,0.40263771802420223,0.9764705882352941,0.8191556967063607,0.0,1.0
0.5,1.0,0.6506024096385542,1.0,0.25,0.6337778476444379,0.0,0.5572916666666666,0.8,0.0,0.4804294363565431,0.9881656804733728,0.7678897764601584,0.011627906976744186,0.9941176470588236
0.1,0.375,0.18497109826589597,1.0,0.75,0.21456836657162637,0.0,0.5572916666666666,0.55,0.0,0.0,0.9526627218934911,0.9399063966568109,0.0,0.9352941176470588
0.3,0.55,0.3493975903614458,1.0,0.25,0.3662090288312473,0.49411764705882355,0.7760416666666666,0.55,0.0,0.262893726341463,0.9176470588235294,0.723952369532868,0.0,0.9767441860465116
0.6,0.6,0.3493975903614458,1.0,0.3333333333333333,0.36621012647271944,0.49411764705882355,0.7760416666666666,0.95,0.0,0.45136107181947216,0.9764705882352941,0.7746188904785543,0.0058823529411764705,0.9767441860465116
0.4,0.0,0.18497109826589597,1.0,0.3333333333333333,0.21471292356812888,0.0,0.5572916666666666,0.6,0.0,0.25212792914878723,0.9940828402366864,0.9473816771588173,0.0,0.9705882352941176
0.6,0.85,0.3493975903614458,1.0,0.5,0.7704806153801926,0.49411764705882355,0.7760416666666666,0.65,0.5,0.34181728110941556,0.9882352941176471,0.9302220838356139,0.011764705882352941,0.9767441860465116
0.2,1.0,0.18497109826589597,1.0,0.9166666666666666,0.5527226493371779,0.0,0.5572916666666666,0.75,0.0,0.4315601836316585,0.9644970414201184,0.7498133946484516,0.0,0.9882352941176471
0.8,0.9,0.815028901734104,1.0,0.9166666666666666,0.7848126647598039,0.49411764705882355,0.7760416666666666,0.65,1.0,0.5270139351374677,1.0,0.9514789427615921,0.01764705882352941,1.0
0.1,0.0,0.18497109826589597,1.0,0.3333333333333333,0.21493922228024998,0.0,0.5572916666666666,0.65,0.0,0.24197824587475658,0.9881656804733728,0.9334754623966776,0.0,0.9529411764705882
0.3,0.875,0.6506024096385542,1.0,0.3333333333333333,0.6333354472653623,0.0,0.5572916666666666,0.65,0.0,0.4913581928017057,0.9940828402366864,0.6468656007753868,0.0,1.0
0.5,0.875,0.6506024096385542,1.0,0.5833333333333334,0.6337783851684636,0.0,0.5572916666666666,0.45,0.0,0.2787760081308369,0.9940828402366864,0.7863703148743784,0.0,0.9941176470588236
0.5,0.85,0.6506024096385542,1.0,0.5,0.6337909709374686,0.0,0.5572916666666666,0.6,0.0,0.34135001568663637,0.9763313609467456,0.6956085211845191,0.0,0.9941176470588236
0.1,0.55,0.3493975903614458,1.0,0.25,0.36620919452717837,0.49411764705882355,0.7760416666666666,0.55,0.0,0.390861785317028,0.9058823529411765,0.7851113106606611,0.0,0.9418604651162791
0.1,0.55,0.3493975903614458,1.0,0.25,0.3662090288307144,0.49411764705882355,0.7760416666666666,0.75,1.0,0.5092618355987096,1.0,0.7453854508396813,0.0,1.0
0.0,0.0,0.18497109826589597,1.0,0.3333333333333333,0.21458572099866546,0.0,0.5572916666666666,0.65,0.0,0.0,0.8816568047337279,0.8589076250721484,0.0,0.9176470588235294
0.8,0.9,0.815028901734104,1.0,0.9166666666666666,0.7847272798565397,0.49411764705882355,0.7760416666666666,0.6,0.5,0.47702580209370016,0.9882352941176471,0.9591137196206015,0.03529411764705882,1.0
0.2,0.625,0.18497109826589597,1.0,0.4166666666666667,0.21623393589100126,0.0,0.5572916666666666,0.65,0.0,0.11023760715518682,0.9644970414201184,0.9152978923190912,0.0,0.9588235294117647
0.6,0.6,0.3493975903614458,1.0,0.3333333333333333,0.36620903658428017,0.49411764705882355,0.7760416666666666,0.85,0.0,0.4122489641537237,0.9764705882352941,0.707433842650411,0.0,0.9767441860465116
0.0,0.6,0.18497109826589597,1.0,0.3333333333333333,0.21456535032324997,0.0,0.5572916666666666,0.15,0.0,0.0,0.9112426035502958,0.9329765219293429,0.0,0.9235294117647059
0.1,0.0,0.18497109826589597,1.0,0.3333333333333333,0.2148914003649124,0.0,0.5572916666666666,0.7,0.0,0.4173786562612749,0.9763313609467456,0.9131588545476199,0.0,0.9529411764705882
0.2,0.55,0.3493975903614458,1.0,0.25,0.3662090288307144,0.49411764705882355,0.7760416666666666,0.75,0.0,0.3744439323235095,0.9176470588235294,0.7230800574027547,0.0,0.9418604651162791
0.1,0.0,0.18497109826589597,1.0,0.3333333333333333,0.2156140819613881,0.0,0.5572916666666666,0.7,0.0,0.24869212077831193,0.9881656804733728,0.96180061765617,0.0,0.9235294117647059
0.0,0.375,0.18497109826589597,1.0,0.75,0.21460248479845379,0.0,0.5572916666666666,0.65,0.0,0.3198110774322772,0.9112426035502958,0.7865159982908513,0.0,0.9823529411764705
0.4,1.0,0.18497109826589597,1.0,0.9166666666666666,0.215017919343943,0.0,0.5572916666666666,0.65,0.3333333333333333,0.7274520475951758,1.0,0.9679520526878452,0.023255813953488372,0.9764705882352941
0.1,0.375,0.18497109826589597,1.0,0.75,0.21456572191346635,0.0,0.5572916666666666,0.25,0.6666666666666666,0.3604059948017262,0.9526627218934911,0.9591156091718138,0.011627906976744186,0.9235294117647059
1.0,0.95,0.815028901734104,1.0,0.5,0.366209028830751,0.49411764705882355,0.7760416666666666,0.4,1.0,0.5590988922514246,1.0,0.7371540871948508,0.0,1.0
0.2,0.95,0.18497109826589597,1.0,0.3333333333333333,0.6161519887958046,0.0,0.5572916666666666,0.75,0.0,0.4208558087991585,0.9940828402366864,0.8308600339508188,0.0,1.0
0.1,0.0,0.18497109826589597,1.0,0.3333333333333333,0.2145857464114549,0.0,0.5572916666666666,0.55,0.0,0.4748318362237548,0.9822485207100592,0.8792143436560144,0.0,0.9823529411764705
0.0,0.95,0.6506024096385542,1.0,0.6666666666666666,0.2189877642884286,0.0,0.5572916666666666,0.6,0.0,0.31390952718329246,0.9408284023668639,0.8593399373053736,0.0,0.9823529411764705
0.5,0.875,0.6506024096385542,1.0,0.3333333333333333,0.35327643569206124,0.0,0.5572916666666666,0.65,1.0,0.5520072621314482,1.0,0.879045474328472,0.023255813953488372,1.0
0.4,0.95,0.3493975903614458,1.0,0.5,0.3662090489320653,0.49411764705882355,0.7760416666666666,0.7,0.0,0.4268710222725922,0.9764705882352941,0.835277060307904,0.0,0.9883720930232558
0.0,0.6,0.18497109826589597,1.0,0.3333333333333333,0.21456537955356236,0.0,0.5572916666666666,0.15,0.0,0.0,0.9112426035502958,0.9295168301870319,0.0,0.9235294117647059
0.1,0.775,0.18497109826589597,1.0,0.4166666666666667,0.22247942689986877,0.0,0.5572916666666666,0.7,0.0,0.15870489215684103,0.9644970414201184,0.9169402777349409,0.0,0.9941176470588236
0.5,0.875,0.3493975903614458,1.0,0.75,0.714689512597638,0.49411764705882355,0.7760416666666666,0.75,1.0,0.5235496759268452,1.0,0.8498018296583407,0.0,1.0
0.6,0.775,0.18497109826589597,1.0,0.8333333333333334,0.2215862732228996,0.0,0.5572916666666666,0.65,1.0,0.6045249998567885,1.0,0.9412927448605541,0.011627906976744186,1.0
0.2,0.55,0.3493975903614458,1.0,0.25,0.3712194003980763,0.49411764705882355,0.7760416666666666,0.65,0.5,0.5776263037617428,1.0,0.8862256967735249,0.0,0.9767441860465116
0.0,0.0,0.18497109826589597,1.0,0.3333333333333333,0.21459875770935566,0.0,0.5572916666666666,0.0,0.0,0.46896067971347566,0.9408284023668639,0.8295522523682304,0.0,0.9941176470588236
0.1,0.775,0.18497109826589597,1.0,0.4166666666666667,0.22078412157347815,0.0,0.5572916666666666,0.7,0.0,0.1638761407152598,0.9644970414201184,0.9207823587618522,0.0,0.9882352941176471
0.7,0.875,0.815028901734104,1.0,0.6666666666666666,0.7824004796423918,0.49411764705882355,0.7760416666666666,0.7,0.6666666666666666,0.5315961705102138,1.0,0.9514789342666045,0.023529411764705882,1.0
0.3,0.625,0.18497109826589597,1.0,0.4166666666666667,0.22214059227985583,0.0,0.5572916666666666,0.65,1.0,0.5211491180745109,1.0,0.8982410368810732,0.0,1.0
0.5,0.875,0.6506024096385542,1.0,0.5833333333333334,0.6266598677437626,0.0,0.5572916666666666,0.7,0.5,0.6119277271547713,1.0,0.9048675053884417,0.03488372093023256,1.0
0.1,0.375,0.18497109826589597,1.0,0.75,0.21456836657162637,0.0,0.5572916666666666,0.55,0.0,0.0,0.9526627218934911,0.9399063966568109,0.0,0.9352941176470588
0.3,0.375,0.18497109826589597,1.0,0.75,0.21481185096288713,0.0,0.5572916666666666,0.55,0.0,0.38377306258199206,0.9704142011834319,0.8998278938576837,0.0,0.9823529411764705
0.0,0.0,0.18497109826589597,1.0,0.3333333333333333,0.2145945218256755,0.0,0.5572916666666666,0.65,0.0,0.07762441022727262,0.9053254437869822,0.8873841701216708,0.0,0.9176470588235294
0.1,0.0,0.18497109826589597,1.0,0.3333333333333333,0.2148008540589208,0.0,0.5572916666666666,0.65,0.0,0.2618671762446968,0.9881656804733728,0.939986903807996,0.0,0.9529411764705882
0.6,0.6,0.3493975903614458,1.0,0.3333333333333333,0.7009287296369908,0.49411764705882355,0.7760416666666666,0.75,0.0,0.3597369111130383,0.9647058823529412,0.8534497740280493,0.0,0.9767441860465116
0.2,0.6,0.18497109826589597,1.0,0.3333333333333333,0.21460427635076162,0.0,0.5572916666666666,0.4,0.0,0.25185780752059783,0.9644970414201184,0.8282563840062427,0.0,0.9941176470588236
0.0,0.0,0.18497109826589597,1.0,0.3333333333333333,0.2147469022879427,0.0,0.5572916666666666,0.7,0.5,0.0,0.9112426035502958,0.8274862669667291,0.011627906976744186,0.9647058823529412
0.2,0.625,0.18497109826589597,1.0,0.4166666666666667,0.21708785764913052,0.0,0.5572916666666666,0.6,0.0,0.3421384613138657,0.9940828402366864,0.8984930944290316,0.0,0.9941176470588236
0.6,0.85,0.3493975903614458,1.0,0.5,0.4074266629587783,0.49411764705882355,0.7760416666666666,0.8,1.0,0.542572422033434,1.0,0.8275073093997019,0.011764705882352941,1.0
0.6,1.0,0.815028901734104,1.0,0.6666666666666666,0.7844712260195287,0.49411764705882355,0.7760416666666666,0.65,1.0,0.5111720377269209,1.0,0.9037605275469922,0.0058823529411764705,1.0
0.5,0.625,0.18497109826589597,1.0,0.4166666666666667,0.2165674374058083,0.0,0.5572916666666666,0.65,0.5,0.49435476951096347,0.9940828402366864,0.9439952217201403,0.023255813953488372,0.9882352941176471
0.4,0.375,0.18497109826589597,1.0,0.75,0.2153713572920134,0.0,0.5572916666666666,0.65,0.0,0.465437141550606,0.9881656804733728,0.892317520493748,0.0,0.9764705882352941
0.1,0.375,0.18497109826589597,1.0,0.75,0.21456913868570848,0.0,0.5572916666666666,0.4,0.0,0.34751164279604396,0.9526627218934911,0.9610234907732784,0.0,0.9411764705882353
0.0,0.875,0.18497109826589597,1.0,0.25,0.2593410250631105,0.0,0.5572916666666666,0.7,0.0,0.3638877884513939,0.9408284023668639,0.8306934925575782,0.0,0.9882352941176471
0.0,0.925,0.18497109826589597,1.0,0.9166666666666666,0.21458454402705118,0.0,0.5572916666666666,0.55,0.0,0.3652087432418831,0.9408284023668639,0.895130176774194,0.0,0.9823529411764705
0.1,0.775,0.18497109826589597,1.0,0.8333333333333334,0.21563618401458795,0.0,0.5572916666666666,0.75,1.0,0.5334757120471723,1.0,0.9134004599209803,0.0,0.9705882352941176
0.4,0.775,0.18497109826589597,1.0,0.8333333333333334,0.21536176536753493,0.0,0.5572916666666666,0.55,0.0,0.442101713514489,0.9763313609467456,0.8898108068877127,0.0,0.9941176470588236
0.3,0.95,0.6506024096385542,1.0,0.4166666666666667,0.34421019937464903,0.0,0.5572916666666666,0.7,0.6666666666666666,0.381785897305988,0.9940828402366864,0.9267411875321991,0.03488372093023256,0.9941176470588236
0.3,0.875,0.6506024096385542,1.0,0.5833333333333334,0.32399714422473924,0.0,0.5572916666666666,0.7,0.5,0.3853305631324354,0.9822485207100592,0.8256103483229044,0.011627906976744186,0.9941176470588236
0.2,0.55,0.3493975903614458,1.0,0.25,0.3662090291197886,0.49411764705882355,0.7760416666666666,0.65,0.0,0.4014802954500082,0.9176470588235294,0.7518342602736546,0.0,0.9302325581395349
0.6,1.0,0.815028901734104,1.0,0.9166666666666666,0.7781157018995218,0.49411764705882355,0.7760416666666666,0.75,0.0,0.39521665936156036,0.9764705882352941,0.8821000451441275,0.0,0.9534883720930233
0.2,0.375,0.18497109826589597,1.0,0.75,0.21549317444586968,0.0,0.5572916666666666,0.75,0.0,0.43066831183866616,0.9881656804733728,0.8868007279434742,0.0,0.9823529411764705
0.1,0.6,0.18497109826589597,1.0,0.3333333333333333,0.21456911528083356,0.0,0.5572916666666666,0.6,0.0,0.2921160556369008,0.9822485207100592,0.8987402055044986,0.0,0.9647058823529412
0.0,0.775,0.18497109826589597,1.0,0.8333333333333334,0.21583974416305995,0.0,0.5572916666666666,0.65,0.0,0.3611299623118429,0.9349112426035503,0.8635779080309471,0.0,0.9705882352941176
0.5,0.875,0.6506024096385542,1.0,0.5833333333333334,0.6295742854796311,0.0,0.5572916666666666,0.95,0.4,0.4377039740818396,0.9940828402366864,0.8380979822440353,0.03488372093023256,0.9823529411764705
0.6,0.975,0.6506024096385542,1.0,0.5833333333333334,0.6337909710958586,0.0,0.5572916666666666,0.75,1.0,0.5217326018754649,1.0,0.7283776009938493,0.0,1.0
0.0,0.0,0.18497109826589597,1.0,0.3333333333333333,0.21457899390089186,0.0,0.5572916666666666,0.65,0.2,0.1730688806676759,0.893491124260355,0.8837730864982066,0.0,0.9176470588235294
0.0,0.0,0.18497109826589597,1.0,0.3333333333333333,0.21458777941249263,0.0,0.5572916666666666,0.65,0.0,0.0,0.8698224852071006,0.8548170417597346,0.0,0.9235294117647059
0.0,0.0,0.18497109826589597,1.0,0.3333333333333333,0.21473515625169903,0.0,0.5572916666666666,0.7,0.0,0.0,0.9230769230769231,0.8432870073877001,0.0,0.9588235294117647
0.1,0.775,0.18497109826589597,1.0,0.4166666666666667,0.21740063176346447,0.0,0.5572916666666666,0.7,0.0,0.38381906745826555,0.9881656804733728,0.96265236476667,0.011627906976744186,0.9647058823529412
0.1,0.375,0.18497109826589597,1.0,0.75,0.2145713006549016,0.0,0.5572916666666666,0.65,0.0,0.33582826415213574,0.9467455621301775,0.8835297347238706,0.0,0.9411764705882353
0.1,0.775,0.18497109826589597,1.0,0.4166666666666667,0.22065646415655338,0.0,0.5572916666666666,0.65,0.0,0.417985729297498,0.9881656804733728,0.8260490125297535,0.011627906976744186,0.9941176470588236
0.1,0.775,0.18497109826589597,1.0,0.4166666666666667,0.21907392858876185,0.0,0.5572916666666666,0.7,0.0,0.3466274329910085,0.9822485207100592,0.9630158002170636,0.0,0.9647058823529412
0.1,0.775,0.18497109826589597,1.0,0.4166666666666667,0.2150127238279994,0.0,0.5572916666666666,0.65,0.0,0.4312636183582168,0.9940828402366864,0.9488266231698518,0.0,0.9882352941176471
0.3,0.55,0.3493975903614458,1.0,0.25,0.36646982287805563,0.49411764705882355,0.7760416666666666,0.6,0.0,0.41957474788980065,0.9764705882352941,0.8285348174695124,0.0,0.9302325581395349
0.1,0.375,0.18497109826589597,1.0,0.75,0.21456723256425536,0.0,0.5572916666666666,0.4,0.0,0.09025307461212206,0.9644970414201184,0.9631895027145185,0.0,0.9058823529411765
0.7,0.85,0.3493975903614458,1.0,0.5,0.36801913104631057,0.49411764705882355,0.7760416666666666,0.7,1.0,0.5817342361969663,1.0,0.8339254252561299,0.011764705882352941,1.0
0.5,0.95,0.18497109826589597,1.0,0.3333333333333333,0.6180404005140172,0.0,0.5572916666666666,0.9,0.0,0.4198322242021135,0.9940828402366864,0.7946523481418648,0.0,0.9941176470588236
0.1,0.375,0.18497109826589597,1.0,0.75,0.21460541359102692,0.0,0.5572916666666666,0.65,0.3333333333333333,0.4815232442908629,0.9940828402366864,0.844607537892267,0.0,0.9941176470588236
0.4,1.0,0.3493975903614458,1.0,0.5833333333333334,0.36620904311229063,0.49411764705882355,0.7760416666666666,0.8,1.0,0.5487529885777155,1.0,0.849004350825652,0.0,0.9883720930232558
0.3,0.375,0.18497109826589597,1.0,0.75,0.21504953876032384,0.0,0.5572916666666666,0.75,0.0,0.36119719735111566,0.9881656804733728,0.8255738622877701,0.0,0.9823529411764705
0.6,0.6,0.3493975903614458,1.0,0.3333333333333333,0.755418724455736,0.49411764705882355,0.7760416666666666,0.7,0.25,0.398210096596904,0.9882352941176471,0.8789581211014623,0.0,0.9302325581395349
0.0,0.375,0.18497109826589597,1.0,0.75,0.2145657890104088,0.0,0.5572916666666666,0.45,0.0,0.3451778725924487,0.893491124260355,0.9070846931308427,0.0,0.9529411764705882
0.0,0.0,0.18497109826589597,1.0,0.3333333333333333,0.21468740318319202,0.0,0.5572916666666666,0.7,0.0,0.18707397908842427,0.9289940828402367,0.8728903143779927,0.0,0.9588235294117647
0.9,0.85,0.6506024096385542,1.0,0.5,0.6106116227241051,0.0,0.5572916666666666,0.8,0.6666666666666666,0.5584253127985244,1.0,0.7957690382224433,0.08139534883720931,0.9941176470588236
0.3,0.55,0.3493975903614458,1.0,0.25,0.3662090590299244,0.49411764705882355,0.7760416666666666,0.65,0.0,0.3964057645508502,0.9411764705882353,0.7952684530461471,0.0,0.9418604651162791
0.2,0.625,0.18497109826589597,1.0,0.4166666666666667,0.21627453702178479,0.0,0.5572916666666666,0.65,0.5,0.3778103635107475,0.9763313609467456,0.9114893291241194,0.011627906976744186,0.9588235294117647
0.1,0.0,0.18497109826589597,1.0,0.3333333333333333,0.2191891557608796,0.0,0.5572916666666666,0.7,0.3333333333333333,0.3530019545710519,0.9822485207100592,0.9541737534211211,0.011627906976744186,0.9823529411764705
0.0,0.375,0.18497109826589597,1.0,0.75,0.21456492147602768,0.0,0.5572916666666666,0.25,0.0,0.06199847064604891,0.9112426035502958,0.9470628477707302,0.0,0.9235294117647059
0.0,0.0,0.18497109826589597,1.0,0.3333333333333333,0.21458777941249263,0.0,0.5572916666666666,0.65,0.0,0.0,0.8698224852071006,0.8548170417597346,0.0,0.9235294117647059
0.6,0.875,0.6506024096385542,1.0,0.3333333333333333,0.633659602377904,0.0,0.5572916666666666,0.55,0.5,0.2953757521393411,0.9940828402366864,0.7968635408756821,0.0,0.9941176470588236
0.5,0.95,0.6506024096385542,1.0,0.6666666666666666,0.22685020916748777,0.0,0.5572916666666666,0.7,1.0,0.530944751943969,1.0,0.8666478755271179,0.0,1.0
0.7,0.6,0.3493975903614458,1.0,0.3333333333333333,0.5236795452383499,0.49411764705882355,0.7760416666666666,0.65,0.5,0.5434818679159861,1.0,0.843381168593662,0.0,0.9883720930232558
0.4,0.95,0.18497109826589597,1.0,0.3333333333333333,0.25233538834106795,0.0,0.5572916666666666,0.85,0.3333333333333333,0.5300075117850387,1.0,0.8952013937000668,0.0,0.9823529411764705
0.4,0.55,0.3493975903614458,1.0,0.25,0.39471900614317623,0.49411764705882355,0.7760416666666666,0.55,0.0,0.4554071429405978,0.9411764705882353,0.8498493036479507,0.0,0.9302325581395349
0.5,1.0,0.3493975903614458,1.0,0.5,0.7708732652604342,0.49411764705882355,0.7760416666666666,0.6,1.0,0.5060994272255674,1.0,0.9105195800544617,0.0,0.9883720930232558
0.5,0.975,0.815028901734104,1.0,0.5,0.7828986592954379,0.49411764705882355,0.7760416666666666,0.7,0.6666666666666666,0.6716096069540256,1.0,0.974758512071672,0.023529411764705882,0.9767441860465116
0.1,0.6,0.3493975903614458,1.0,0.3333333333333333,0.36620903815289707,0.49411764705882355,0.7760416666666666,0.8,0.0,0.4428793719155393,0.9647058823529412,0.7665248319741879,0.0,0.9651162790697675
0.1,0.95,0.6506024096385542,1.0,0.4166666666666667,0.21577007691564165,0.0,0.5572916666666666,0.75,0.0,0.39563328969650335,0.9763313609467456,0.9109723085792556,0.011627906976744186,0.9588235294117647
0.3,0.875,0.18497109826589597,1.0,0.25,0.24547396597752713,0.0,0.5572916666666666,0.7,0.5,0.43757682550219457,0.9940828402366864,0.8828813403811469,0.0,0.9941176470588236
1.0,1.0,0.815028901734104,1.0,1.0,0.413775847630667,0.49411764705882355,0.7760416666666666,0.55,1.0,0.668565139794476,1.0,0.922200322800177,0.01764705882352941,1.0
0.7,0.875,0.815028901734104,1.0,0.6666666666666666,0.785108661337377,0.49411764705882355,0.7760416666666666,0.65,0.75,0.5826806448718149,1.0,0.9703704001890819,0.041176470588235294,1.0
0.7,0.85,0.6506024096385542,1.0,0.5,0.23856597182558925,0.0,0.5572916666666666,0.65,0.75,0.4507065906640987,0.9940828402366864,0.9267674968892478,0.046511627906976744,0.9941176470588236
0.4,0.875,0.18497109826589597,1.0,0.25,0.2150587568702338,0.0,0.5572916666666666,0.7,0.0,0.29878890051896867,0.9940828402366864,0.9299534668766608,0.0,0.9882352941176471
0.2,0.55,0.3493975903614458,1.0,0.25,0.3662090288307144,0.49411764705882355,0.7760416666666666,0.3,0.0,0.3958278028920307,0.9529411764705882,0.5795534109647578,0.0,1.0
0.9,0.95,0.3493975903614458,1.0,0.5,0.7795080734617443,0.49411764705882355,0.7760416666666666,0.7,1.0,0.519161092758418,1.0,0.9003556110437135,0.0,1.0
0.2,0.775,0.18497109826589597,1.0,0.8333333333333334,0.2172458178307587,0.0,0.5572916666666666,0.6,0.0,0.4558429626052225,0.9940828402366864,0.852676933246014,0.0,0.9941176470588236
0.5,0.775,0.18497109826589597,1.0,0.8333333333333334,0.28547909142420047,0.0,0.5572916666666666,0.7,0.0,0.4869986828545294,0.9881656804733728,0.85890071690468,0.0,0.9941176470588236
0.4,0.6,0.18497109826589597,1.0,0.3333333333333333,0.22233383131674445,0.0,0.5572916666666666,0.6,0.0,0.46526875295031767,0.9940828402366864,0.8645342137512333,0.0,0.9764705882352941
0.0,0.0,0.18497109826589597,1.0,0.3333333333333333,0.2147469022879427,0.0,0.5572916666666666,0.7,0.0,0.0,0.9112426035502958,0.8274862669667291,0.011627906976744186,0.9647058823529412
0.9,0.95,0.815028901734104,1.0,0.5,0.7854327019706626,0.49411764705882355,0.7760416666666666,0.35,1.0,0.5424879325562931,1.0,0.9552360614249981,0.029411764705882353,1.0
0.0,0.0,0.18497109826589597,1.0,0.3333333333333333,0.21458572099866546,0.0,0.5572916666666666,0.65,0.0,0.0,0.8816568047337279,0.8589076250721484,0.0,0.9176470588235294
0.4,0.375,0.18497109826589597,1.0,0.75,0.215151432564762,0.0,0.5572916666666666,0.6,0.0,0.38172165450411666,0.9940828402366864,0.8971672370368325,0.0,0.9823529411764705
0.1,0.0,0.18497109826589597,1.0,0.3333333333333333,0.21468168956024003,0.0,0.5572916666666666,0.65,0.0,0.3162260754017594,0.9644970414201184,0.9500697346468641,0.0,0.9235294117647059
0.4,0.95,0.6506024096385542,1.0,0.6666666666666666,0.2319625324749781,0.0,0.5572916666666666,0.7,0.0,0.4877968626784789,0.9881656804733728,0.891292018907222,0.011627906976744186,0.9882352941176471
0.1,0.0,0.18497109826589597,1.0,0.3333333333333333,0.21464885449391247,0.0,0.5572916666666666,0.65,0.0,0.2428943717415094,0.9644970414201184,0.9486053477600933,0.0,0.9176470588235294
1.0,0.975,0.815028901734104,1.0,0.5,0.7851593156427312,0.49411764705882355,0.7760416666666666,0.65,1.0,0.8848190349602971,1.0,0.9858336011165445,0.08235294117647059,1.0
0.1,0.0,0.18497109826589597,1.0,0.3333333333333333,0.2145684330278067,0.0,0.5572916666666666,0.6,0.0,0.25978493416843873,0.9822485207100592,0.9210875264890465,0.0,0.9235294117647059
0.2,0.6,0.3493975903614458,1.0,0.3333333333333333,0.43963776549999256,0.49411764705882355,0.7760416666666666,0.85,0.0,0.2715173875549609,0.9411764705882353,0.7969870851629394,0.0,0.9651162790697675
0.6,0.875,0.18497109826589597,1.0,0.25,0.21549034066756145,0.0,0.5572916666666666,0.7,0.6666666666666666,0.42610406586561933,0.9940828402366864,0.9585638293919618,0.05813953488372093,0.9882352941176471
0.6,0.975,0.6506024096385542,1.0,0.5833333333333334,0.6337863207576376,0.0,0.5572916666666666,0.8,1.0,0.6644343915547638,1.0,0.8956627077835949,0.06976744186046512,0.9941176470588236
0.5,0.875,0.3493975903614458,1.0,0.75,0.5591543454809258,0.49411764705882355,0.7760416666666666,0.65,0.0,0.4737428663171478,0.9882352941176471,0.8797098410322601,0.0,0.9883720930232558
0.1,0.6,0.3493975903614458,1.0,0.3333333333333333,0.3662099700221295,0.49411764705882355,0.7760416666666666,0.75,0.0,0.45216057918238195,0.9764705882352941,0.7797460239471586,0.0,0.9651162790697675
0.1,0.375,0.18497109826589597,1.0,0.75,0.21457327687763206,0.0,0.5572916666666666,0.5,0.3333333333333333,0.7541556515221362,1.0,0.9791800296351864,0.011627906976744186,0.9705882352941176
0.4,0.6,0.18497109826589597,1.0,0.3333333333333333,0.21536276473057758,0.0,0.5572916666666666,0.5,0.0,0.4432221057571255,0.9763313609467456,0.8873262299408036,0.0,0.9882352941176471
0.6,0.875,0.3493975903614458,1.0,0.75,0.7811500363345211,0.49411764705882355,0.7760416666666666,0.6,0.6666666666666666,0.32370821347368806,0.9882352941176471,0.9264935884877278,0.01764705882352941,0.9767441860465116
0.8,0.875,0.815028901734104,1.0,0.6666666666666666,0.7849229575240297,0.49411764705882355,0.7760416666666666,0.7,1.0,0.6924168226790133,1.0,0.9356014517079613,0.023529411764705882,1.0
0.4,0.625,0.18497109826589597,1.0,0.4166666666666667,0.21489814875057833,0.0,0.5572916666666666,0.65,1.0,0.5442446148123647,1.0,0.9043745747581398,0.0,0.9941176470588236
0.1,0.925,0.18497109826589597,1.0,0.9166666666666666,0.2145695899405604,0.0,0.5572916666666666,0.4,0.5,0.43074521173688207,0.9940828402366864,0.9756709133646622,0.011627906976744186,0.9470588235294117
0.1,0.375,0.18497109826589597,1.0,0.75,0.21456877995009016,0.0,0.5572916666666666,0.55,0.0,0.21152228864417733,0.9526627218934911,0.9480874053551452,0.0,0.9352941176470588
0.7,0.85,0.3493975903614458,1.0,0.5,0.7784934105908562,0.49411764705882355,0.7760416666666666,0.65,0.5,0.6187864932237308,1.0,0.9547551391976077,0.029411764705882353,0.9767441860465116
0.0,0.0,0.18497109826589597,1.0,0.3333333333333333,0.2145646516645504,0.0,0.5572916666666666,0.1,0.0,0.002868013991991325,0.9289940828402367,0.9320757386023732,0.0,0.9235294117647059
0.5,0.6,0.3493975903614458,1.0,0.3333333333333333,0.36620920776499655,0.49411764705882355,0.7760416666666666,0.9,0.5,0.47653788044760037,0.9764705882352941,0.7818774595464699,0.0058823529411764705,0.9767441860465116
0.2,0.6,0.18497109826589597,1.0,0.3333333333333333,0.21467516271559672,0.0,0.5572916666666666,0.55,0.0,0.3078458246629101,0.9644970414201184,0.8645943563575966,0.0,0.9823529411764705
0.0,0.6,0.18497109826589597,1.0,0.3333333333333333,0.21456537955356236,0.0,0.5572916666666666,0.15,0.0,0.0,0.9112426035502958,0.9295168301870319,0.0,0.9235294117647059
0.4,0.625,0.18497109826589597,1.0,0.4166666666666667,0.21576142731420966,0.0,0.5572916666666666,0.65,0.4,0.3439405216180642,0.9881656804733728,0.9339579872911374,0.023255813953488372,0.9764705882352941
0.8,0.875,0.815028901734104,1.0,0.6666666666666666,0.7810364226258755,0.49411764705882355,0.7760416666666666,0.7,0.5,0.5400003047153639,1.0,0.955772742956833,0.011764705882352941,0.9883720930232558
0.5,0.975,0.815028901734104,1.0,0.5,0.6572973136361244,0.49411764705882355,0.7760416666666666,0.7,0.0,0.40177419665457625,0.9882352941176471,0.9241172023684974,0.0,0.9883720930232558
0.5,0.55,0.3493975903614458,1.0,0.25,0.36994273407484957,0.49411764705882355,0.7760416666666666,0.65,0.5,0.47657646253652963,0.9764705882352941,0.8147519020155409,0.0058823529411764705,0.9883720930232558
0.7,0.55,0.3493975903614458,1.0,0.25,0.49032650892295493,0.49411764705882355,0.7760416666666666,0.65,0.5,0.5304460049436535,1.0,0.8944895922938291,0.0058823529411764705,0.9651162790697675
0.3,0.6,0.3493975903614458,1.0,0.3333333333333333,0.36625599367691897,0.49411764705882355,0.7760416666666666,0.8,0.0,0.38797221744405164,0.9647058823529412,0.7908232155917755,0.0,0.9186046511627907
0.7,0.6,0.3493975903614458,1.0,0.3333333333333333,0.37892397092094154,0.49411764705882355,0.7760416666666666,0.75,0.0,0.4893259317952049,0.9882352941176471,0.7697146577373398,0.0,1.0
0.4,0.375,0.18497109826589597,1.0,0.75,0.21495003138647262,0.0,0.5572916666666666,0.7,0.25,0.4622602173251229,0.9881656804733728,0.9337378397300362,0.0,0.9882352941176471
0.4,0.85,0.6506024096385542,1.0,0.5,0.35920470172943353,0.0,0.5572916666666666,0.6,0.5,0.4710588939512177,0.9940828402366864,0.8599393773846933,0.011627906976744186,0.9941176470588236
0.1,0.0,0.18497109826589597,1.0,0.3333333333333333,0.2147848894310731,0.0,0.5572916666666666,0.65,0.0,0.36815491805387934,0.9940828402366864,0.9607502861172952,0.0,0.9588235294117647
0.2,0.55,0.3493975903614458,1.0,0.25,0.3662092322175432,0.49411764705882355,0.7760416666666666,0.8,0.0,0.41849862888114897,0.9529411764705882,0.7819064796108876,0.0058823529411764705,0.9186046511627907
0.1,0.925,0.18497109826589597,1.0,0.9166666666666666,0.21457146346328904,0.0,0.5572916666666666,0.55,0.0,0.30106353542429143,0.9644970414201184,0.9564599703380902,0.0,0.9529411764705882
0.5,0.875,0.3493975903614458,1.0,0.75,0.7088483725755674,0.49411764705882355,0.7760416666666666,0.65,1.0,0.5736448349832541,1.0,0.939043373299342,0.011764705882352941,1.0
0.1,0.975,0.18497109826589597,1.0,0.8333333333333334,0.2145792876307655,0.0,0.5572916666666666,0.65,0.0,0.3298273329236314,0.9940828402366864,0.8922782331785172,0.0,0.9941176470588236
0.2,0.625,0.18497109826589597,1.0,0.4166666666666667,0.21596469866913448,0.0,0.5572916666666666,0.65,0.5,0.466376562381716,0.9881656804733728,0.9332917111723803,0.0,0.9588235294117647
0.1,0.625,0.18497109826589597,1.0,0.4166666666666667,0.21899335488675786,0.0,0.5572916666666666,0.65,0.4,0.40129157496253065,0.9704142011834319,0.9218127011878945,0.023255813953488372,0.9529411764705882
0.0,0.6,0.18497109826589597,1.0,0.3333333333333333,0.21456537955356236,0.0,0.5572916666666666,0.15,0.0,0.0,0.9112426035502958,0.9295168301870319,0.0,0.9235294117647059
0.3,0.6,0.18497109826589597,1.0,0.3333333333333333,0.22413979227101954,0.0,0.5572916666666666,0.65,0.5,0.685036261345047,1.0,0.9480523435883372,0.011627906976744186,0.9941176470588236
0.1,0.6,0.18497109826589597,1.0,0.3333333333333333,0.21568909082829346,0.0,0.5572916666666666,0.55,0.0,0.4226298654489158,0.9644970414201184,0.8097624079255089,0.0,0.9941176470588236
0.1,0.375,0.18497109826589597,1.0,0.75,0.2145671867272927,0.0,0.5572916666666666,0.4,0.0,0.08278176573290674,0.9644970414201184,0.9595376513421169,0.0,0.9117647058823529
0.2,0.6,0.3493975903614458,1.0,0.3333333333333333,0.38357000367549887,0.49411764705882355,0.7760416666666666,0.85,0.0,0.40710187851089297,0.9529411764705882,0.812839730449066,0.0,0.9651162790697675
0.1,0.775,0.18497109826589597,1.0,0.4166666666666667,0.21738586084365707,0.0,0.5572916666666666,0.7,0.3333333333333333,0.36054565397227134,0.9881656804733728,0.9653323826985729,0.0,0.9705882352941176
0.0,0.375,0.18497109826589597,1.0,0.75,0.21456490126824668,0.0,0.5572916666666666,0.25,0.0,0.05837905831289314,0.9112426035502958,0.9435638956092851,0.0,0.9235294117647059
0.0,0.0,0.18497109826589597,1.0,0.3333333333333333,0.21473515625169903,0.0,0.5572916666666666,0.7,0.0,0.0,0.9230769230769231,0.8432870073877001,0.0,0.9588235294117647
0.5,0.775,0.815028901734104,1.0,0.4166666666666667,0.7848209550025362,0.49411764705882355,0.7760416666666666,0.8,0.0,0.03881130365724417,0.9764705882352941,0.9255356358027818,0.0,0.9651162790697675
0.1,0.85,0.6506024096385542,1.0,0.5,0.6337909711692856,0.0,0.5572916666666666,0.35,0.0,0.47148279986858843,0.9940828402366864,0.6047932028482164,0.0,1.0
0.5,0.775,0.815028901734104,1.0,0.4166666666666667,0.36621024255923906,0.49411764705882355,0.7760416666666666,0.85,0.0,0.4330880718860671,0.9764705882352941,0.8734853631266565,0.0,0.9767441860465116
0.7,0.775,0.815028901734104,1.0,0.4166666666666667,0.36621016211124535,0.49411764705882355,0.7760416666666666,0.7,0.0,0.4179938248591567,0.9882352941176471,0.8241660669296521,0.0,1.0
0.0,0.375,0.18497109826589597,1.0,0.75,0.21457892899550246,0.0,0.5572916666666666,0.7,0.0,0.1635699174854871,0.8757396449704142,0.843309131676016,0.0,0.9235294117647059
0.7,0.875,0.3493975903614458,1.0,0.75,0.777821266580885,0.49411764705882355,0.7760416666666666,0.65,0.0,0.4589168789214586,0.9882352941176471,0.9160280310415767,0.0058823529411764705,0.9883720930232558
0.2,0.0,0.18497109826589597,1.0,0.3333333333333333,0.2149153998557396,0.0,0.5572916666666666,0.6,0.0,0.4526907578379272,0.9940828402366864,0.8117310113368049,0.0,1.0
0.1,0.775,0.18497109826589597,1.0,0.8333333333333334,0.21475688773038515,0.0,0.5572916666666666,0.7,0.0,0.38165792987583136,0.9763313609467456,0.8964386756312376,0.0,0.9882352941176471
0.1,0.6,0.18497109826589597,1.0,0.3333333333333333,0.21707884487050555,0.0,0.5572916666666666,0.45,0.0,0.3505530886393984,0.9526627218934911,0.7732265936023859,0.0,0.9941176470588236
0.1,0.625,0.18497109826589597,1.0,0.4166666666666667,0.21737487896959862,0.0,0.5572916666666666,0.65,0.0,0.19536554009693963,0.9526627218934911,0.8936300175831561,0.0,0.9529411764705882
0.4,0.375,0.18497109826589597,1.0,0.75,0.21528317699324762,0.0,0.5572916666666666,0.75,0.5,0.5271248588075137,1.0,0.9210344739294867,0.0,0.9764705882352941
0.2,0.625,0.18497109826589597,1.0,0.4166666666666667,0.21593840243902673,0.0,0.5572916666666666,0.65,0.0,0.11414120045489506,0.9763313609467456,0.9189302718006197,0.0,0.9588235294117647
0.0,0.6,0.18497109826589597,1.0,0.3333333333333333,0.21456537955356236,0.0,0.5572916666666666,0.15,0.0,0.0,0.9112426035502958,0.9295168301870319,0.0,0.9235294117647059
0.3,0.775,0.18497109826589597,1.0,0.8333333333333334,0.21501457124489298,0.0,0.5572916666666666,0.7,0.3333333333333333,0.5974123489858476,1.0,0.8989624313110669,0.011627906976744186,0.9882352941176471
0.5,0.775,0.815028901734104,1.0,0.4166666666666667,0.36799684350012096,0.49411764705882355,0.7760416666666666,0.9,0.3333333333333333,0.5282485464482238,1.0,0.9060840043816931,0.0058823529411764705,0.9767441860465116
0.3,0.875,0.18497109826589597,1.0,0.25,0.22037247746017208,0.0,0.5572916666666666,0.85,0.5,0.20434901153351626,0.9940828402366864,0.9648607269726115,0.023255813953488372,0.9823529411764705
0.7,0.775,0.815028901734104,1.0,0.4166666666666667,0.6779334137987878,0.49411764705882355,0.7760416666666666,0.85,0.0,0.37738980857934934,0.9882352941176471,0.9245862905562716,0.011764705882352941,1.0
0.3,0.95,0.6506024096385542,1.0,0.4166666666666667,0.37416898356431494,0.0,0.5572916666666666,0.65,0.0,0.3394865053877375,0.9940828402366864,0.9127318793032133,0.0,0.9941176470588236
0.2,0.775,0.18497109826589597,1.0,0.4166666666666667,0.223909235361321,0.0,0.5572916666666666,0.7,0.6666666666666666,0.39384122981660585,0.9704142011834319,0.9315108158877421,0.023255813953488372,0.9882352941176471
0.1,0.0,0.18497109826589597,1.0,0.3333333333333333,0.21479746476446215,0.0,0.5572916666666666,0.7,0.0,0.1609882093249403,0.9467455621301775,0.9161277862248963,0.0,0.9470588235294117
0.7,0.9,0.815028901734104,1.0,0.9166666666666666,0.7850881171828075,0.49411764705882355,0.7760416666666666,0.6,0.3333333333333333,0.5938871979820223,1.0,0.9750026674328106,0.011764705882352941,0.9883720930232558
0.6,0.875,0.6506024096385542,1.0,0.3333333333333333,0.6337712138273456,0.0,0.5572916666666666,0.7,1.0,0.5787499736754165,1.0,0.8234821276574251,0.0,1.0
0.8,0.875,0.6506024096385542,1.0,0.3333333333333333,0.6337909614744237,0.0,0.5572916666666666,0.9,0.0,0.4709128796932667,0.9940828402366864,0.7946621922262197,0.03488372093023256,1.0
0.5,0.625,0.18497109826589597,1.0,0.4166666666666667,0.21733362345301532,0.0,0.5572916666666666,0.65,0.0,0.2986047558582561,0.9704142011834319,0.9208017011321633,0.011627906976744186,0.9647058823529412
0.4,0.975,0.18497109826589597,1.0,0.5,0.6337909710621273,0.0,0.5572916666666666,0.7,0.5,0.48205121300975695,0.9940828402366864,0.8385351498314549,0.023255813953488372,0.9941176470588236
0.1,0.975,0.18497109826589597,1.0,0.5,0.2181438203263284,0.0,0.5572916666666666,0.75,0.3333333333333333,0.5234523529399282,1.0,0.9218787122234945,0.0,0.9941176470588236
0.3,0.55,0.3493975903614458,1.0,0.25,0.3662090288307144,0.49411764705882355,0.7760416666666666,0.65,0.0,0.2925320157141087,0.9764705882352941,0.7171002575008063,0.0,0.9767441860465116
0.0,0.0,0.18497109826589597,1.0,0.3333333333333333,0.21473515625169903,0.0,0.5572916666666666,0.7,0.0,0.0,0.9230769230769231,0.8432870073877001,0.0,0.9588235294117647
0.0,0.975,0.18497109826589597,1.0,0.8333333333333334,0.2145971502066356,0.0,0.5572916666666666,0.65,0.0,0.2666158501791347,0.9349112426035503,0.8460051793425158,0.0,0.9882352941176471
0.4,0.775,0.815028901734104,1.0,0.4166666666666667,0.36623305994619115,0.49411764705882355,0.7760416666666666,0.65,0.5,0.2606368010917651,0.9882352941176471,0.8998274346071191,0.0058823529411764705,0.9883720930232558
0.0,0.0,0.18497109826589597,1.0,0.3333333333333333,0.2145646391615511,0.0,0.5572916666666666,0.1,0.5,0.004333089390488043,0.9289940828402367,0.9326223524345985,0.011627906976744186,0.9235294117647059
1.0,0.975,0.815028901734104,1.0,0.5,0.7838438977910864,0.49411764705882355,0.7760416666666666,0.7,1.0,0.7993167180986137,1.0,0.9709104309237192,0.12941176470588237,0.9883720930232558
0.1,0.6,0.3493975903614458,1.0,0.3333333333333333,0.3742182250612075,0.49411764705882355,0.7760416666666666,0.85,0.0,0.24463341211974987,0.8941176470588236,0.7597026016036654,0.0,0.9534883720930233
0.1,0.0,0.18497109826589597,1.0,0.3333333333333333,0.21457146790471082,0.0,0.5572916666666666,0.6,0.5,0.2938545366964538,0.9940828402366864,0.9315519687518716,0.011627906976744186,0.9117647058823529
0.5,0.875,0.815028901734104,1.0,0.6666666666666666,0.7811048183582829,0.49411764705882355,0.7760416666666666,0.65,0.5,0.5638891093323755,1.0,0.9415206991841124,0.0,1.0
1.0,0.9,0.815028901734104,1.0,0.9166666666666666,0.7854179585453571,0.49411764705882355,0.7760416666666666,0.65,1.0,0.7112862489570053,1.0,0.9579921565414878,0.10588235294117647,1.0
0.0,0.0,0.18497109826589597,1.0,0.3333333333333333,0.21458815802965292,0.0,0.5572916666666666,0.65,0.0,0.07787951856258912,0.9053254437869822,0.8888376404038869,0.0,0.9176470588235294
0.5,0.775,0.815028901734104,1.0,0.4166666666666667,0.7834141448285289,0.49411764705882355,0.7760416666666666,0.75,0.0,0.401529178860184,0.9529411764705882,0.9090342096776765,0.0,0.9651162790697675
0.1,0.0,0.18497109826589597,1.0,0.3333333333333333,0.21461028198534293,0.0,0.5572916666666666,0.65,0.0,0.2174206980017631,0.9467455621301775,0.9172301938039301,0.0,0.9176470588235294
0.0,0.0,0.18497109826589597,1.0,0.3333333333333333,0.2145646473081826,0.0,0.5572916666666666,0.1,0.0,0.0014402027785760385,0.9289940828402367,0.9322578720052841,0.0,0.9235294117647059
0.4,0.375,0.18497109826589597,1.0,0.75,0.21472843187463075,0.0,0.5572916666666666,0.65,0.3333333333333333,0.3152647570975946,0.9940828402366864,0.9608844357781419,0.011627906976744186,0.9705882352941176
0.6,0.85,0.6506024096385542,1.0,0.5,0.3581943175049094,0.0,0.5572916666666666,0.7,0.0,0.39449576174990997,0.9940828402366864,0.9064789774961309,0.0,0.9941176470588236
0.1,0.55,0.3493975903614458,1.0,0.25,0.3662090291643252,0.49411764705882355,0.7760416666666666,0.75,0.0,0.3924636143833963,0.9294117647058824,0.7722958703642884,0.0,0.9418604651162791
0.1,0.55,0.3493975903614458,1.0,0.25,0.36620902890259477,0.49411764705882355,0.7760416666666666,0.5,0.0,0.2909310172408035,0.9411764705882353,0.7535170599225842,0.0,0.9767441860465116
0.1,0.0,0.18497109826589597,1.0,0.3333333333333333,0.21681994616650635,0.0,0.5572916666666666,0.7,0.0,0.30841329521237626,0.9763313609467456,0.9431720894993687,0.0,0.9352941176470588
0.5,0.55,0.3493975903614458,1.0,0.25,0.3662092464778858,0.49411764705882355,0.7760416666666666,0.5,1.0,0.5344289769227673,1.0,0.7344014967130492,0.0,1.0
0.1,0.775,0.18497109826589597,1.0,0.4166666666666667,0.22222572571017296,0.0,0.5572916666666666,0.7,0.0,0.38566637119073743,0.9822485207100592,0.9548135046858838,0.0,0.9588235294117647
1.0,0.9,0.815028901734104,1.0,0.9166666666666666,0.7854232152079841,0.49411764705882355,0.7760416666666666,0.55,1.0,0.8470978269208701,1.0,0.9871083078551375,0.041176470588235294,1.0
0.2,0.6,0.18497109826589597,1.0,0.3333333333333333,0.21460438215437294,0.0,0.5572916666666666,0.4,0.0,0.36847156782814494,0.9822485207100592,0.7726902307193927,0.0,0.9941176470588236
0.1,0.0,0.18497109826589597,1.0,0.3333333333333333,0.2214786623714997,0.0,0.5572916666666666,0.7,0.0,0.4306652267293669,0.9881656804733728,0.909561760226772,0.0,1.0
0.1,0.625,0.18497109826589597,1.0,0.4166666666666667,0.2188097629816217,0.0,0.5572916666666666,0.65,0.0,0.18382445441258677,0.9526627218934911,0.8851968046700389,0.0,0.9588235294117647
0.7,0.875,0.815028901734104,1.0,0.6666666666666666,0.7843370970191151,0.49411764705882355,0.7760416666666666,0.7,0.5,0.4873842799710105,0.9882352941176471,0.9451944586241277,0.052941176470588235,1.0
0.4,0.625,0.18497109826589597,1.0,0.4166666666666667,0.21681359601169214,0.0,0.5572916666666666,0.65,0.5,0.3877716133262502,0.9940828402366864,0.9125348669800526,0.0,0.9941176470588236
0.2,0.55,0.3493975903614458,1.0,0.25,0.3662090288307144,0.49411764705882355,0.7760416666666666,0.5,0.0,0.2621873994822471,0.9647058823529412,0.6851894718435321,0.0,0.9767441860465116
0.0,0.6,0.18497109826589597,1.0,0.3333333333333333,0.21456535032324997,0.0,0.5572916666666666,0.15,0.0,0.0,0.9112426035502958,0.9329765219293429,0.0,0.9235294117647059
0.0,0.0,0.18497109826589597,1.0,0.3333333333333333,0.21474803016576982,0.0,0.5572916666666666,0.7,0.0,0.13866480988514707,0.9289940828402367,0.900792397716811,0.0,0.9529411764705882
0.1,0.375,0.18497109826589597,1.0,0.75,0.21456843610996512,0.0,0.5572916666666666,0.55,0.0,0.24978650591222917,0.9585798816568047,0.9575824064155921,0.0,0.9588235294117647
0.5,1.0,0.6506024096385542,1.0,0.75,0.4768570777115788,0.0,0.5572916666666666,0.95,0.0,0.35050971234298134,0.9822485207100592,0.7501174688425589,0.0,0.9823529411764705
0.3,0.6,0.3493975903614458,1.0,0.3333333333333333,0.5029404122319946,0.49411764705882355,0.7760416666666666,0.8,0.0,0.38181389162693313,0.9411764705882353,0.7996458626230627,0.0,0.9651162790697675
0.2,0.775,0.18497109826589597,1.0,0.8333333333333334,0.21715079172345064,0.0,0.5572916666666666,0.6,0.0,0.4200190379465276,0.9644970414201184,0.880709659489988,0.011627906976744186,0.9823529411764705
0.8,0.95,0.815028901734104,1.0,0.5,0.7854347322646487,0.49411764705882355,0.7760416666666666,0.4,1.0,0.5600513896233819,1.0,0.962799174662437,0.0,1.0
0.1,1.0,0.18497109826589597,1.0,1.0,0.6337909711260095,0.0,0.5572916666666666,0.45,0.5,0.6489358953682616,1.0,0.8846288020098897,0.0,0.9941176470588236
0.1,0.625,0.18497109826589597,1.0,0.4166666666666667,0.2146146518140274,0.0,0.5572916666666666,0.6,1.0,0.5099652341606454,1.0,0.8807439376358994,0.011627906976744186,1.0
0.4,0.85,0.3493975903614458,1.0,0.5,0.36620902923320353,0.49411764705882355,0.7760416666666666,0.6,0.0,0.4529424971936372,0.9882352941176471,0.7593991963686473,0.0,1.0
0.8,0.95,0.3493975903614458,1.0,0.5,0.7471931645143906,0.49411764705882355,0.7760416666666666,0.7,0.6666666666666666,0.6462455990675625,1.0,0.9387860030187843,0.01764705882352941,0.9883720930232558
0.0,0.0,0.18497109826589597,1.0,0.3333333333333333,0.21456464520103768,0.0,0.5572916666666666,0.1,0.0,0.0014422799541734532,0.9289940828402367,0.9323489654018484,0.0,0.9235294117647059
0.5,0.775,0.815028901734104,1.0,0.4166666666666667,0.7848483471312406,0.49411764705882355,0.7760416666666666,0.8,0.6666666666666666,0.03974826245741514,0.9764705882352941,0.927175864854929,0.011764705882352941,0.9767441860465116
0.4,0.0,0.18497109826589597,1.0,0.3333333333333333,0.2163190727124813,0.0,0.5572916666666666,0.65,1.0,0.564039603331653,1.0,0.9299776412798716,0.011627906976744186,0.9882352941176471
0.1,1.0,0.18497109826589597,1.0,0.5,0.21465935729843322,0.0,0.5572916666666666,0.65,0.0,0.3062730603784889,0.9881656804733728,0.9631946952899458,0.0,0.9235294117647059
0.3,0.85,0.3493975903614458,1.0,0.5,0.36620918971315375,0.49411764705882355,0.7760416666666666,0.6,1.0,0.5237240770046521,1.0,0.8127559591869514,0.0,0.9767441860465116
0.2,0.875,0.18497109826589597,1.0,0.25,0.21942984291024914,0.0,0.5572916666666666,0.85,0.0,0.16967590754553408,0.9940828402366864,0.9559015601894005,0.0,0.9823529411764705
0.4,0.6,0.18497109826589597,1.0,0.3333333333333333,0.21509337459705113,0.0,0.5572916666666666,0.6,0.0,0.4809843192826455,0.9940828402366864,0.9212547916573972,0.0,0.9823529411764705
